finalname,category
10333299.pdf,CHEF
10464113.pdf,BUSINESS-DEVELOPMENT
10624813.pdf,ENGINEERING
10818478.pdf,SALES
10840430.pdf,INFORMATION-TECHNOLOGY
11065180.pdf,INFORMATION-TECHNOLOGY
11188218.pdf,ADVOCATE
11336022.pdf,TEACHER
11616482.pdf,TEACHER
11672279.pdf,BANKING
11759079.pdf,ACCOUNTANT
11797122.pdf,AVIATION
11842274.pdf,CHEF
11890896.pdf,TEACHER
11919526.pdf,DESIGNER
11963737.pdf,ADVOCATE
12021752.pdf,FINANCE
12144825.pdf,ENGINEERING
12155206.pdf,TEACHER
12212468.pdf,CONSTRUCTION
12239749.pdf,AVIATION
12544735.pdf,ADVOCATE
12587973.pdf,BUSINESS-DEVELOPMENT
12613221.pdf,HEALTHCARE
12820557.pdf,SALES
12858898.pdf,FINANCE
12955994.pdf,HEALTHCARE
13095891.pdf,CHEF
13178604.pdf,BUSINESS-DEVELOPMENT
13264154.pdf,CHEF
13520837.pdf,HR
13569152.pdf,DESIGNER
13593241.pdf,ADVOCATE
13727873.pdf,HR
13774329.pdf,CONSTRUCTION
13812481.pdf,SALES
13998435.pdf,DESIGNER
14062078.pdf,HEALTHCARE
14346702.pdf,CONSULTANT
14391434.pdf,ADVOCATE
14491649.pdf,ACCOUNTANT
14517953.pdf,CONSULTANT
14611516.pdf,PUBLIC-RELATIONS
14708590.pdf,ADVOCATE
14874322.pdf,AVIATION
14879257.pdf,TEACHER
14910300.pdf,PUBLIC-RELATIONS
14937492.pdf,BUSINESS-DEVELOPMENT
14945250.pdf,BUSINESS-DEVELOPMENT
15154822.pdf,DESIGNER
15210069.pdf,ADVOCATE
15224503.pdf,FINANCE
15265464.pdf,TEACHER
15353911.pdf,DESIGNER
15425154.pdf,DESIGNER
15499825.pdf,HEALTHCARE
15564893.pdf,CONSTRUCTION
15575117.pdf,ADVOCATE
15576950.pdf,HR
15603319.pdf,AGRICULTURE
15636923.pdf,FITNESS
15699744.pdf,PUBLIC-RELATIONS
15717923.pdf,FINANCE
15791766.pdf,INFORMATION-TECHNOLOGY
15792052.pdf,ACCOUNTANT
15858254.pdf,ENGINEERING
15899269.pdf,TEACHER
15973307.pdf,HEALTHCARE
16121387.pdf,HEALTHCARE
16223371.pdf,SALES
16500168.pdf,SALES
16519708.pdf,BUSINESS-DEVELOPMENT
16804396.pdf,CHEF
16820422.pdf,TEACHER
16846478.pdf,BUSINESS-DEVELOPMENT
16877897.pdf,HR
17008356.pdf,BUSINESS-DEVELOPMENT
17152392.pdf,AVIATION
17189156.pdf,ADVOCATE
17312146.pdf,ENGINEERING
17325147.pdf,TEACHER
17342969.pdf,CONSTRUCTION
17422560.pdf,HR
17562754.pdf,DIGITAL-MEDIA
17584743.pdf,PUBLIC-RELATIONS
17658471.pdf,TEACHER
17659053.pdf,APPAREL
17681064.pdf,INFORMATION-TECHNOLOGY
17688766.pdf,INFORMATION-TECHNOLOGY
17781039.pdf,BUSINESS-DEVELOPMENT
17823436.pdf,BANKING
17963031.pdf,INFORMATION-TECHNOLOGY
17983430.pdf,AVIATION
18001081.pdf,TEACHER
18084150.pdf,HR
18172739.pdf,BANKING
18198627.pdf,APPAREL
18208580.pdf,BANKING
18227306.pdf,BUSINESS-DEVELOPMENT
18293620.pdf,BUSINESS-DEVELOPMENT
18319061.pdf,TEACHER
18442517.pdf,INFORMATION-TECHNOLOGY
18448085.pdf,ENGINEERING
18636651.pdf,FINANCE
18882984.pdf,BANKING
18885767.pdf,ARTS
18927233.pdf,PUBLIC-RELATIONS
18937778.pdf,BUSINESS-DEVELOPMENT
19072267.pdf,PUBLIC-RELATIONS
19108760.pdf,ADVOCATE
19195747.pdf,DESIGNER
19444529.pdf,DIGITAL-MEDIA
19471144.pdf,CONSTRUCTION
19473948.pdf,SALES
19556300.pdf,TEACHER
19867922.pdf,HR
19918523.pdf,TEACHER
19929506.pdf,PUBLIC-RELATIONS
19936735.pdf,DIGITAL-MEDIA
19951766.pdf,SALES
20230207.pdf,TEACHER
20255404.pdf,BUSINESS-DEVELOPMENT
20330739.pdf,DIGITAL-MEDIA
20488267.pdf,TEACHER
20736486.pdf,HEALTHCARE
20765795.pdf,ADVOCATE
20882041.pdf,ENGINEERING
20932019.pdf,ENGINEERING
21031285.pdf,ACCOUNTANT
21122155.pdf,FITNESS
21134923.pdf,FINANCE
21283733.pdf,DESIGNER
21568833.pdf,ACCOUNTANT
21614256.pdf,ADVOCATE
21645690.pdf,ACCOUNTANT
21780877.pdf,INFORMATION-TECHNOLOGY
21782152.pdf,AUTOMOBILE
21856577.pdf,BANKING
21867728.pdf,INFORMATION-TECHNOLOGY
21868149.pdf,TEACHER
22249155.pdf,SALES
22391901.pdf,ADVOCATE
22450718.pdf,INFORMATION-TECHNOLOGY
22455205.pdf,BANKING
22465498.pdf,ACCOUNTANT
22492537.pdf,ACCOUNTANT
22776912.pdf,INFORMATION-TECHNOLOGY
22855060.pdf,FITNESS
22890839.pdf,INFORMATION-TECHNOLOGY
22983516.pdf,CONSTRUCTION
23032276.pdf,CHEF
23138078.pdf,HEALTHCARE
23396633.pdf,BUSINESS-DEVELOPMENT
23408537.pdf,HR
23427369.pdf,ADVOCATE
23438112.pdf,ACCOUNTANT
23510685.pdf,HR
23636277.pdf,ACCOUNTANT
23673025.pdf,PUBLIC-RELATIONS
23719943.pdf,DESIGNER
23752500.pdf,TEACHER
23807940.pdf,CHEF
23933031.pdf,BUSINESS-DEVELOPMENT
23944036.pdf,HEALTHCARE
24020470.pdf,INFORMATION-TECHNOLOGY
24240349.pdf,TEACHER
24285142.pdf,DESIGNER
24294778.pdf,ACCOUNTANT
24590489.pdf,BANKING
24611721.pdf,HR
24679149.pdf,DIGITAL-MEDIA
24708621.pdf,BUSINESS-DEVELOPMENT
24773845.pdf,AVIATION
24854026.pdf,FINANCE
24905947.pdf,SALES
24967652.pdf,FINANCE
25128608.pdf,CHEF
25157655.pdf,BUSINESS-DEVELOPMENT
25187733.pdf,CONSTRUCTION
25213006.pdf,SALES
25224998.pdf,CONSTRUCTION
25422388.pdf,DESIGNER
25425322.pdf,ENGINEERING
25507648.pdf,FINANCE
25547145.pdf,SALES
25625173.pdf,AVIATION
25797445.pdf,ENGINEERING
25810233.pdf,BUSINESS-DEVELOPMENT
25824789.pdf,HR
25834360.pdf,HEALTHCARE
25919149.pdf,ENGINEERING
25935030.pdf,BUSINESS-DEVELOPMENT
25959103.pdf,INFORMATION-TECHNOLOGY
26046878.pdf,SALES
26130673.pdf,PUBLIC-RELATIONS
26456899.pdf,ENGINEERING
26459032.pdf,FITNESS
26480367.pdf,INFORMATION-TECHNOLOGY
26530575.pdf,FINANCE
26581830.pdf,CONSTRUCTION
26888302.pdf,AVIATION
26919036.pdf,BUSINESS-DEVELOPMENT
26942552.pdf,DESIGNER
26975573.pdf,FINANCE
26994282.pdf,CONSTRUCTION
27030979.pdf,HEALTHCARE
27139412.pdf,BUSINESS-DEVELOPMENT
27187994.pdf,CONSTRUCTION
27219200.pdf,BUSINESS-DEVELOPMENT
27257013.pdf,PUBLIC-RELATIONS
27375577.pdf,FINANCE
27512470.pdf,AVIATION
27549075.pdf,SALES
27573855.pdf,ACCOUNTANT
27662298.pdf,CHEF
27770859.pdf,INFORMATION-TECHNOLOGY
27831220.pdf,CHEF
27850777.pdf,BUSINESS-DEVELOPMENT
27888251.pdf,CONSULTANT
27936502.pdf,TEACHER
27974588.pdf,FITNESS
28109594.pdf,DIGITAL-MEDIA
28172023.pdf,FITNESS
28176889.pdf,TEACHER
28186635.pdf,AVIATION
28247753.pdf,ADVOCATE
28320387.pdf,ENGINEERING
28377361.pdf,SALES
28396528.pdf,HEALTHCARE
28531493.pdf,PUBLIC-RELATIONS
28669770.pdf,FITNESS
28672970.pdf,INFORMATION-TECHNOLOGY
28756444.pdf,CONSTRUCTION
28828844.pdf,HR
28897981.pdf,INFORMATION-TECHNOLOGY
28916894.pdf,BUSINESS-DEVELOPMENT
28969385.pdf,ACCOUNTANT
28975482.pdf,PUBLIC-RELATIONS
29002596.pdf,DIGITAL-MEDIA
29050809.pdf,ACCOUNTANT
29061628.pdf,CONSTRUCTION
29134372.pdf,HEALTHCARE
29161565.pdf,AVIATION
29165698.pdf,FITNESS
29208172.pdf,BUSINESS-DEVELOPMENT
29221006.pdf,AVIATION
29297973.pdf,HR
29399491.pdf,SALES
29483501.pdf,CONSTRUCTION
29494962.pdf,FINANCE
29784524.pdf,CHEF
29908929.pdf,HEALTHCARE
29990140.pdf,AVIATION
30344127.pdf,ENGINEERING
30361788.pdf,ACCOUNTANT
30504149.pdf,DIGITAL-MEDIA
31064969.pdf,FINANCE
31201660.pdf,BUSINESS-DEVELOPMENT
31211074.pdf,SALES
31243710.pdf,INFORMATION-TECHNOLOGY
31273310.pdf,BUSINESS-DEVELOPMENT
31710562.pdf,ACCOUNTANT
31761591.pdf,FITNESS
32067700.pdf,TEACHER
32081266.pdf,ENGINEERING
32109048.pdf,AUTOMOBILE
32385553.pdf,ACCOUNTANT
32433431.pdf,BUSINESS-DEVELOPMENT
33176873.pdf,HR
33344933.pdf,TEACHER
33370664.pdf,ADVOCATE
34033933.pdf,TEACHER
34185495.pdf,BANKING
34303500.pdf,SALES
34419403.pdf,AVIATION
34511655.pdf,DESIGNER
34783330.pdf,ACCOUNTANT
34792238.pdf,FITNESS
34962725.pdf,HEALTHCARE
35422305.pdf,HEALTHCARE
35468363.pdf,CHEF
35571205.pdf,APPAREL
35603950.pdf,APPAREL
36102323.pdf,AVIATION
36149549.pdf,ENGINEERING
36331163.pdf,CONSTRUCTION
36856210.pdf,INFORMATION-TECHNOLOGY
37335325.pdf,INFORMATION-TECHNOLOGY
37640804.pdf,ADVOCATE
37750854.pdf,APPAREL
38007664.pdf,DIGITAL-MEDIA
38115035.pdf,HEALTHCARE
38291889.pdf,ADVOCATE
38441665.pdf,ACCOUNTANT
38744475.pdf,DESIGNER
38989376.pdf,AVIATION
39081840.pdf,HR
39441617.pdf,INFORMATION-TECHNOLOGY
39581020.pdf,SALES
39608848.pdf,PUBLIC-RELATIONS
39674782.pdf,CONSTRUCTION
39970711.pdf,HR
40882926.pdf,PUBLIC-RELATIONS
41590605.pdf,PUBLIC-RELATIONS
42332765.pdf,PUBLIC-RELATIONS
42487883.pdf,ACCOUNTANT
43375498.pdf,FITNESS
43752620.pdf,ENGINEERING
45077654.pdf,ADVOCATE
46055835.pdf,TEACHER
46772262.pdf,HEALTHCARE
47133747.pdf,CHEF
47317494.pdf,FINANCE
47410104.pdf,FINANCE
47470864.pdf,HR
47549345.pdf,ENGINEERING
47919212.pdf,ENGINEERING
48285304.pdf,FINANCE
49119887.pdf,PUBLIC-RELATIONS
49204385.pdf,ACCOUNTANT
49777184.pdf,BUSINESS-DEVELOPMENT
49937469.pdf,HR
49997097.pdf,ACCOUNTANT
51209395.pdf,TEACHER
51363762.pdf,INFORMATION-TECHNOLOGY
52684666.pdf,FITNESS
54201930.pdf,DESIGNER
55500538.pdf,AGRICULTURE
58428843.pdf,SALES
59487170.pdf,FITNESS
62071407.pdf,ENGINEERING
62555739.pdf,SALES
62700506.pdf,CONSULTANT
62850928.pdf,FINANCE
64017585.pdf,INFORMATION-TECHNOLOGY
65864767.pdf,BANKING
66741193.pdf,FINANCE
66906212.pdf,TEACHER
67631413.pdf,AVIATION
68216398.pdf,AVIATION
70603826.pdf,FITNESS
70750649.pdf,PUBLIC-RELATIONS
73030450.pdf,ENGINEERING
74126637.pdf,ADVOCATE
74191424.pdf,ADVOCATE
74236636.pdf,CONSTRUCTION
76010167.pdf,DESIGNER
76530505.pdf,TEACHER
78298706.pdf,CONSTRUCTION
78538268.pdf,ADVOCATE
79376680.pdf,SALES
79663360.pdf,TEACHER
81011612.pdf,DESIGNER
81310245.pdf,BUSINESS-DEVELOPMENT
81508860.pdf,PUBLIC-RELATIONS
81677620.pdf,FINANCE
84295343.pdf,ARTS
85417107.pdf,HEALTHCARE
85421438.pdf,DIGITAL-MEDIA
88038965.pdf,FINANCE
88691367.pdf,ACCOUNTANT
89049979.pdf,HEALTHCARE
91189201.pdf,INFORMATION-TECHNOLOGY
91467795.pdf,BUSINESS-DEVELOPMENT
91635250.pdf,INFORMATION-TECHNOLOGY
92200491.pdf,CHEF
92283635.pdf,AVIATION
95792386.pdf,ACCOUNTANT
96761538.pdf,FITNESS
98309114.pdf,HEALTHCARE
98559931.pdf,ACCOUNTANT
99433371.pdf,DESIGNER
99806115.pdf,SALES
